{"cameraMode":{"drawMode":0,"name":"Shaded","section":"Shading Mode"},"sceneLighting":true,"audioPlay":false,"sceneViewState":{"m_AlwaysRefresh":false,"showFog":true,"showSkybox":true,"showFlares":true,"showImageEffects":true,"showParticleSystems":true,"showVisualEffectGraphs":true,"m_FxEnabled":true},"in2DMode":false,"pivot":{"x":28.908308029174806,"y":-20.085880279541017,"z":6.4837164878845219},"rotation":{"x":-0.0795782059431076,"y":0.9107922315597534,"z":-0.20875465869903565,"w":-0.3471980094909668},"size":14.783670425415039,"orthographic":false}